LGA_HTS_CODE,LGA_HTS,LGA_16_CODE,LGA_16,LGA_24_CODE,LGA_24,SA2_16_CODE,SA2_16,SA2_LGA_weight,CO2_weighted,CO2_total,SA2_LGA_CO2_ratio,CO2_total_car,CO2_total_car_prop
1650,Central Coast,11650,Central Coast (C) (NSW),102011028,Central Coast (NSW),102011028,Avoca Beach - Copacabana,0.022319726,40.58704084,1818.438131,0.056446228,1776.549755,0.97696464
1650,Central Coast,11650,Central Coast (C) (NSW),102011029,Central Coast (NSW),102011029,Box Head - MacMasters Beach,0.032611515,57.29394866,1756.862527,0.020673048,1684.989238,0.959089976
1650,Central Coast,11650,Central Coast (C) (NSW),102011030,Central Coast (NSW),102011030,Calga - Kulnura,0.014349921,22.73609853,1584.405833,-0.079518001,1557.415975,0.982965313
1650,Central Coast,11650,Central Coast (C) (NSW),102011031,Central Coast (NSW),102011031,Erina - Green Point,0.042564617,67.9414434,1596.195342,-0.072668726,1558.620049,0.976459464
1650,Central Coast,11650,Central Coast (C) (NSW),102011032,Central Coast (NSW),102011032,Gosford - Springfield,0.057369171,82.66109707,1440.862673,-0.162911342,1379.433644,0.957366493
1650,Central Coast,11650,Central Coast (C) (NSW),102011033,Central Coast (NSW),102011033,Kariong,0.01946988,36.35309672,1867.145392,0.08474337,1832.329079,0.981353186
1650,Central Coast,11650,Central Coast (C) (NSW),102011034,Central Coast (NSW),102011034,Kincumber - Picketts Valley,0.022298367,37.32797471,1674.022798,-0.027453813,1632.215511,0.975025856
1650,Central Coast,11650,Central Coast (C) (NSW),102011035,Central Coast (NSW),102011035,Narara,0.02026625,33.66483856,1661.128159,-0.034945128,1605.323834,0.966405768
1650,Central Coast,11650,Central Coast (C) (NSW),102011036,Central Coast (NSW),102011036,Niagara Park - Lisarow,0.0244922,40.51445452,1654.177841,-0.038983009,1610.442605,0.973560741
1650,Central Coast,11650,Central Coast (C) (NSW),102011037,Central Coast (NSW),102011037,Point Clare - Koolewong,0.018938966,30.80502851,1626.542257,-0.055038275,1534.718713,0.943546782
1650,Central Coast,11650,Central Coast (C) (NSW),102011038,Central Coast (NSW),102011038,Saratoga - Davistown,0.021294514,36.7965838,1727.984203,0.003895795,1696.43654,0.981743083
1650,Central Coast,11650,Central Coast (C) (NSW),102011039,Central Coast (NSW),102011039,Terrigal - North Avoca,0.040718625,67.6637059,1661.738477,-0.034590555,1625.696192,0.978310495
1650,Central Coast,11650,Central Coast (C) (NSW),102011040,Central Coast (NSW),102011040,Umina - Booker Bay - Patonga,0.071972344,115.4202674,1603.675259,-0.068323168,1514.807776,0.944585113
1650,Central Coast,11650,Central Coast (C) (NSW),102011041,Central Coast (NSW),102011041,Wamberal - Forresters Beach,0.029773874,51.9429864,1744.58273,0.013538934,1714.767073,0.982909577
1650,Central Coast,11650,Central Coast (C) (NSW),102011042,Central Coast (NSW),102011042,Woy Woy - Blackwall,0.04249749,65.69284002,1545.805176,-0.101943575,1440.185756,0.931673524
1650,Central Coast,11650,Central Coast (C) (NSW),102011043,Central Coast (NSW),102011043,Wyoming,0.03488773,55.31881928,1585.623922,-0.078810336,1533.315581,0.967010878
1650,Central Coast,11650,Central Coast (C) (NSW),102021044,Central Coast (NSW),102021044,Bateau Bay - Killarney Vale,0.067157507,112.8977295,1681.08875,-0.023348753,1657.380378,0.985897014
1650,Central Coast,11650,Central Coast (C) (NSW),102021045,Central Coast (NSW),102021045,Blue Haven - San Remo,0.033697752,67.22169876,1994.842231,0.158930575,1972.899326,0.98900018
1650,Central Coast,11650,Central Coast (C) (NSW),102021046,Central Coast (NSW),102021046,Budgewoi - Buff Point - Halekulani,0.02869679,56.64218431,1973.816037,0.146715124,1955.000405,0.990467383
1650,Central Coast,11650,Central Coast (C) (NSW),102021047,Central Coast (NSW),102021047,Chittaway Bay - Tumbi Umbi,0.046845489,82.42646366,1759.538974,0.022227966,1735.137912,0.986132127
1650,Central Coast,11650,Central Coast (C) (NSW),102021048,Central Coast (NSW),102021048,Gorokan - Kanwal - Charmhaven,0.067474835,119.9795936,1778.138377,0.033033541,1750.026693,0.984190385
1650,Central Coast,11650,Central Coast (C) (NSW),102021049,Central Coast (NSW),102021049,Jilliby - Yarramalong,0.010227713,19.79958756,1935.876335,0.124673541,1914.903085,0.989166018
1650,Central Coast,11650,Central Coast (C) (NSW),102021050,Central Coast (NSW),102021050,Lake Munmorah - Mannering Park,0.032739666,65.60272545,2003.768928,0.164116661,1985.418443,0.990842015
1650,Central Coast,11650,Central Coast (C) (NSW),102021051,Central Coast (NSW),102021051,Ourimbah - Fountaindale,0.014828963,25.45738081,1716.73372,-0.002640325,1679.923662,0.978558085
1650,Central Coast,11650,Central Coast (C) (NSW),102021052,Central Coast (NSW),102021052,Summerland Point - Gwandalan,0.017590324,38.42944545,2184.692303,0.269226543,2166.377878,0.991616932
1650,Central Coast,11650,Central Coast (C) (NSW),102021053,Central Coast (NSW),102021053,The Entrance,0.045591435,75.89669349,1664.713854,-0.03286197,1638.515169,0.984262349
1650,Central Coast,11650,Central Coast (C) (NSW),102021054,Central Coast (NSW),102021054,Toukley - Norah Head,0.029816591,55.24012099,1852.663874,0.076330136,1830.650614,0.98811805
1650,Central Coast,11650,Central Coast (C) (NSW),102021055,Central Coast (NSW),102021055,Tuggerah - Kangy Angy,0.016174555,26.02943085,1609.282657,-0.065065474,1570.353221,0.975809448
1650,Central Coast,11650,Central Coast (C) (NSW),102021056,Central Coast (NSW),102021056,Warnervale - Wadalba,0.046436624,87.73404942,1889.328764,0.0976311,1856.277193,0.982506183
1650,Central Coast,11650,Central Coast (C) (NSW),102021057,Central Coast (NSW),102021057,Wyong,0.026896566,45.20112696,1680.553828,-0.023659523,1638.914947,0.97522312
1720,Cessnock,11720,Cessnock (C),106011107,Cessnock,106011107,Branxton - Greta - Pokolbin,0.17550794,306.2519308,1744.946301,0.040615102,1740.712288,0.997573557
1720,Cessnock,11720,Cessnock (C),106011108,Cessnock,106011108,Cessnock,0.381301574,606.1709141,1589.741442,-0.051942772,1583.830583,0.996281874
1720,Cessnock,11720,Cessnock (C),106011109,Cessnock,106011109,Cessnock Region,0.137403786,259.2745397,1886.953389,0.125302361,1874.396016,0.99334516
2700,Dungog,12700,Dungog (A),106011110,Dungog,106011110,Dungog,1,1739.011123,1739.011123,0,1734.400966,0.997348978
1720,Cessnock,11720,Cessnock (C),106011111,Cessnock,106011111,Kurri Kurri - Abermain,0.3057867,505.1438394,1651.948366,-0.014845089,1645.53431,0.996117278
5050,Maitland,15050,Maitland (C),106021114,Maitland,106021114,Maitland,0.089015049,146.4067408,1644.741451,-0.044294882,1639.052165,0.996540924
5050,Maitland,15050,Maitland (C),106021115,Maitland,106021115,Maitland - East,0.369707104,625.5734893,1692.078628,-0.016788806,1684.556321,0.995554399
5050,Maitland,15050,Maitland (C),106021116,Maitland,106021116,Maitland - North,0.102634986,179.896226,1752.776836,0.018480924,1745.390525,0.995785938
5050,Maitland,15050,Maitland (C),106021117,Maitland,106021117,Maitland - West,0.303751551,536.8206465,1767.301746,0.026920872,1760.656666,0.996239985
5050,Maitland,15050,Maitland (C),106021118,Maitland,106021118,Thornton - Millers Forest,0.13489131,232.2745857,1721.938839,0.000561979,1714.591143,0.995732894
6400,Port Stephens,16400,Port Stephens (A),106031119,Port Stephens,106031119,Anna Bay,0.086318138,144.9223911,1678.93324,-0.036587615,1667.606109,0.993253376
6400,Port Stephens,16400,Port Stephens (A),106031120,Port Stephens,106031120,Lemon Tree Passage - Tanilba Bay,0.100774843,195.5485078,1940.44964,0.113476803,1925.312974,0.992199403
6400,Port Stephens,16400,Port Stephens (A),106031121,Port Stephens,106031121,Nelson Bay Peninsula,0.31679631,540.1604233,1705.071702,-0.021588735,1692.59821,0.992684477
6400,Port Stephens,16400,Port Stephens (A),106031122,Port Stephens,106031122,Raymond Terrace,0.208408707,341.8718627,1640.391458,-0.058703819,1633.115996,0.995564802
6400,Port Stephens,16400,Port Stephens (A),106031123,Port Stephens,106031123,Seaham - Woodville,0.08158466,153.2797453,1878.781444,0.078090105,1873.413616,0.997142921
6400,Port Stephens,16400,Port Stephens (A),106031125,Port Stephens,106031125,Williamtown - Medowie - Karuah,0.206117342,366.9113363,1780.109004,0.021469479,1763.318305,0.990567601
8450,Wollongong,18450,Wollongong (C),107011131,Wollongong,107011131,Dapto - Avondale,0.115196512,203.0632928,1762.755567,0.10159377,1741.958205,0.988201789
8450,Wollongong,18450,Wollongong (C),107011132,Wollongong,107011132,Horsley - Kembla Grange,0.042498969,75.20954229,1769.67922,0.105920548,1748.485774,0.988024131
8450,Wollongong,18450,Wollongong (C),107011134,Wollongong,107011134,Unanderra - Mount Kembla,0.075491525,127.0947356,1683.562964,0.052104164,1662.083805,0.987241844
8450,Wollongong,18450,Wollongong (C),107011545,Wollongong,107011545,Berkeley - Lake Heights - Cringila,0.067747923,112.7475214,1664.221077,0.040016895,1644.414134,0.98809837
8450,Wollongong,18450,Wollongong (C),107011546,Wollongong,107011546,Port Kembla - Warrawong,0.047880698,78.44393696,1638.320664,0.023831024,1615.234509,0.985908646
8450,Wollongong,18450,Wollongong (C),107011547,Wollongong,107011547,Windang - Primbee,0.02111936,35.72060988,1691.368009,0.056981749,1672.768678,0.98900338
6900,Shellharbour,16900,Shellharbour (C),107031136,Shellharbour,107031136,Albion Park - Macquarie Pass,0.209355324,378.3074736,1807.011479,0.044388723,1791.264156,0.991285433
6900,Shellharbour,16900,Shellharbour (C),107031137,Shellharbour,107031137,Albion Park Rail,0.101062043,180.1452174,1782.521034,0.030234112,1763.530734,0.989346381
4400,Kiama,14400,Kiama (A),107031138,Kiama,107031138,Kiama,0.359882144,725.6194102,2016.269555,-0.02374043,1990.734069,0.987335282
4400,Kiama,14400,Kiama (A),107031139,Kiama,107031139,Kiama Downs - Minnamurra,0.27476382,575.0722528,2092.969347,0.013396918,2071.305834,0.989649388
4400,Kiama,14400,Kiama (A),107031140,Kiama,107031140,Kiama Hinterland - Gerringong,0.365354036,764.6090186,2092.789304,0.013309743,2067.464694,0.987899111
6900,Shellharbour,16900,Shellharbour (C),107031141,Shellharbour,107031141,Shellharbour - Flinders,0.245876733,438.1835608,1782.126985,0.030006365,1761.393345,0.98836579
6900,Shellharbour,16900,Shellharbour (C),107031142,Shellharbour,107031142,Shellharbour - Oak Flats,0.145369816,239.4284418,1647.029957,-0.048074939,1629.994154,0.989656653
6900,Shellharbour,16900,Shellharbour (C),107031143,Shellharbour,107031143,Warilla,0.298336085,494.1449876,1656.336637,-0.042696007,1638.47421,0.989215703
8450,Wollongong,18450,Wollongong (C),107041144,Wollongong,107041144,Balgownie - Fairy Meadow,0.10410406,162.7508215,1563.347496,-0.023021743,1535.401857,0.982124487
8450,Wollongong,18450,Wollongong (C),107041145,Wollongong,107041145,Corrimal - Tarrawanna - Bellambi,0.075722311,124.0937587,1638.800467,0.024130866,1611.820347,0.983536665
8450,Wollongong,18450,Wollongong (C),107041146,Wollongong,107041146,Figtree - Keiraville,0.10352464,161.6621511,1561.581389,-0.024125431,1534.275862,0.982514183
8450,Wollongong,18450,Wollongong (C),107041147,Wollongong,107041147,Helensburgh,0.043152044,75.78843774,1756.311653,0.097566793,1691.857651,0.963301501
8450,Wollongong,18450,Wollongong (C),107041148,Wollongong,107041148,Thirroul - Austinmer - Coalcliff,0.055516273,93.87257931,1690.902041,0.056690552,1629.943882,0.963949325
8450,Wollongong,18450,Wollongong (C),107041150,Wollongong,107041150,Woonona - Bulli - Russell Vale,0.097421091,168.4525012,1729.117375,0.080572351,1691.429024,0.978203706
8450,Wollongong,18450,Wollongong (C),107041548,Wollongong,107041548,Wollongong - East,0.068587591,75.04182472,1094.102062,-0.316265943,1060.532487,0.969317694
8450,Wollongong,18450,Wollongong (C),107041549,Wollongong,107041549,Wollongong - West,0.082037004,106.2448666,1295.084674,-0.190666457,1260.819432,0.973542084
4650,Lake Macquarie,14650,Lake Macquarie (C),111011206,Lake Macquarie,111011206,Belmont - Bennetts Green,0.090791273,150.9588996,1662.702754,-0.028910873,1652.069352,0.993604749
4650,Lake Macquarie,14650,Lake Macquarie (C),111011207,Lake Macquarie,111011207,Belmont South - Blacksmiths,0.028706516,48.9731088,1705.992772,-0.003627661,1695.215312,0.993682587
4650,Lake Macquarie,14650,Lake Macquarie (C),111011208,Lake Macquarie,111011208,Charlestown - Dudley,0.122760825,188.8363475,1538.245996,-0.101598913,1527.184382,0.992808944
4650,Lake Macquarie,14650,Lake Macquarie (C),111011209,Lake Macquarie,111011209,Glendale - Cardiff - Hillsborough,0.119800017,191.5098429,1598.57943,-0.066361621,1585.786427,0.991997268
4650,Lake Macquarie,14650,Lake Macquarie (C),111011210,Lake Macquarie,111011210,Mount Hutton - Windale,0.045595414,72.51964551,1590.50306,-0.071078565,1583.655419,0.995694669
4650,Lake Macquarie,14650,Lake Macquarie (C),111011211,Lake Macquarie,111011211,Redhead,0.018015849,29.46365402,1635.429672,-0.044839513,1619.80508,0.990446186
4650,Lake Macquarie,14650,Lake Macquarie (C),111011212,Lake Macquarie,111011212,Swansea - Caves Beach,0.059144439,110.9110517,1875.257481,0.095230128,1860.57613,0.992171022
4650,Lake Macquarie,14650,Lake Macquarie (C),111011213,Lake Macquarie,111011213,Valentine - Eleebana,0.061439321,107.1795087,1744.477428,0.018849015,1735.335559,0.994759537
4650,Lake Macquarie,14650,Lake Macquarie (C),111011214,Lake Macquarie,111011214,Warners Bay - Boolaroo,0.06849301,111.9112137,1633.907076,-0.045728774,1623.902042,0.99387662
4650,Lake Macquarie,14650,Lake Macquarie (C),111021215,Lake Macquarie,111021215,Bolton Point - Teralba,0.043659108,74.48499696,1706.058607,-0.003589211,1694.579052,0.993271301
4650,Lake Macquarie,14650,Lake Macquarie (C),111021216,Lake Macquarie,111021216,Bonnells Bay - Silverwater,0.044663118,90.94763183,2036.302791,0.189287439,2004.353856,0.984310322
4650,Lake Macquarie,14650,Lake Macquarie (C),111021217,Lake Macquarie,111021217,Edgeworth - Cameron Park,0.072739567,125.6887487,1727.928195,0.009183559,1720.890999,0.99592738
4650,Lake Macquarie,14650,Lake Macquarie (C),111021218,Lake Macquarie,111021218,Morisset - Cooranbong,0.076648038,144.509185,1885.360523,0.101130735,1861.538246,0.987364604
4650,Lake Macquarie,14650,Lake Macquarie (C),111021219,Lake Macquarie,111021219,Toronto - Awaba,0.068769626,119.561695,1738.582889,0.015406353,1720.600651,0.989656957
4650,Lake Macquarie,14650,Lake Macquarie (C),111021220,Lake Macquarie,111021220,Wangi Wangi - Rathmines,0.045574924,86.55537465,1899.188568,0.109206901,1881.990801,0.990944676
4650,Lake Macquarie,14650,Lake Macquarie (C),111021221,Lake Macquarie,111021221,West Wallsend - Barnsley - Killingworth,0.033198953,58.19316342,1752.861406,0.023745614,1746.569146,0.996410293
5900,Newcastle,15900,Newcastle (C),111031222,Newcastle,111031222,Adamstown - Kotara,0.095190442,145.1459282,1524.795191,0.026287513,1509.772604,0.9901478
5900,Newcastle,15900,Newcastle (C),111031223,Newcastle,111031223,Beresfield - Hexham,0.05100011,86.48002555,1695.683118,0.141306334,1685.132517,0.993777964
5900,Newcastle,15900,Newcastle (C),111031224,Newcastle,111031224,Hamilton - Broadmeadow,0.072289818,95.11454029,1315.739103,-0.114420993,1294.917743,0.984175161
5900,Newcastle,15900,Newcastle (C),111031225,Newcastle,111031225,Lambton - New Lambton,0.100840849,147.8154204,1465.828798,-0.013400751,1452.013733,0.990575254
5900,Newcastle,15900,Newcastle (C),111031226,Newcastle,111031226,Maryland - Fletcher - Minmi,0.082803481,143.1570738,1728.877482,0.163648326,1719.179554,0.994390621
5900,Newcastle,15900,Newcastle (C),111031227,Newcastle,111031227,Mayfield - Warabrook,0.090754323,131.966733,1454.109608,-0.021288536,1437.801904,0.988785093
5900,Newcastle,15900,Newcastle (C),111031228,Newcastle,111031228,Merewether - The Junction,0.083120782,122.4316706,1472.936944,-0.008616501,1460.115423,0.991295269
5900,Newcastle,15900,Newcastle (C),111031229,Newcastle,111031229,Newcastle - Cooks Hill,0.065638691,74.1890443,1130.263922,-0.239257996,1114.777588,0.98629848
5900,Newcastle,15900,Newcastle (C),111031231,Newcastle,111031231,Shortland - Jesmond,0.070440927,101.1418592,1435.839412,-0.033585581,1417.009584,0.986885839
5900,Newcastle,15900,Newcastle (C),111031232,Newcastle,111031232,Stockton - Fullerton Cove,0.045734126,74.43607362,1627.582729,0.095470291,1592.227072,0.978277198
5900,Newcastle,15900,Newcastle (C),111031233,Newcastle,111031233,Wallsend - Elermore Vale,0.119769102,190.1130478,1587.329658,0.068377325,1572.82879,0.990864615
5900,Newcastle,15900,Newcastle (C),111031234,Newcastle,111031234,Waratah - North Lambton,0.073583432,107.6371545,1462.790625,-0.015445641,1447.147087,0.989305689
5900,Newcastle,15900,Newcastle (C),111031235,Newcastle,111031235,Wickham - Carrington - Tighes Hill,0.048833917,66.11024169,1353.777164,-0.088818874,1335.441685,0.986456058
6950,Shoalhaven,16950,Shoalhaven (C),114011272,Shoalhaven,114011272,Berry - Kangaroo Valley,0.088364236,146.7601753,1660.85491,0.004138493,1645.176634,0.990560117
6950,Shoalhaven,16950,Shoalhaven (C),114011273,Shoalhaven,114011273,Callala Bay - Currarong,0.036308973,69.52065662,1914.69631,0.157608805,1906.622201,0.995783087
6950,Shoalhaven,16950,Shoalhaven (C),114011274,Shoalhaven,114011274,Culburra Beach,0.049893416,87.4580389,1752.897394,0.059786582,1742.000215,0.993783333
6950,Shoalhaven,16950,Shoalhaven (C),114011276,Shoalhaven,114011276,Huskisson - Vincentia,0.042171098,75.44438076,1789.006792,0.081618011,1775.950339,0.992701842
6950,Shoalhaven,16950,Shoalhaven (C),114011277,Shoalhaven,114011277,North Nowra - Bomaderry,0.158458352,238.2826441,1503.755663,-0.090842351,1498.305198,0.996375432
6950,Shoalhaven,16950,Shoalhaven (C),114011278,Shoalhaven,114011278,Nowra,0.201504243,289.4145045,1436.270027,-0.131643582,1429.559445,0.995327772
6950,Shoalhaven,16950,Shoalhaven (C),114011279,Shoalhaven,114011279,St Georges Basin - Erowal Bay,0.140831758,264.8366219,1880.517759,0.136944749,1871.404595,0.995153907
6950,Shoalhaven,16950,Shoalhaven (C),114011280,Shoalhaven,114011280,Sussex Inlet - Berrara,0.043689418,87.73867943,2008.236398,0.214162332,1995.446491,0.993631274
6950,Shoalhaven,16950,Shoalhaven (C),114011281,Shoalhaven,114011281,Tomerong - Wandandian - Woollamia,0.034237622,60.08965937,1755.076897,0.06110429,1747.303088,0.995570673
6950,Shoalhaven,16950,Shoalhaven (C),114011282,Shoalhaven,114011282,Ulladulla,0.153631903,241.2311767,1570.189342,-0.050677124,1562.226951,0.994929025
6950,Shoalhaven,16950,Shoalhaven (C),114011283,Shoalhaven,114011283,Ulladulla Region,0.050908981,93.2332642,1831.371643,0.107231433,1822.24051,0.995014047
8350,Wingecarribee,18350,Wingecarribee (A),114021284,Wingecarribee,114021284,Bowral,0.270510812,502.2729292,1856.757316,-0.025355202,1825.653846,0.9832485
8350,Wingecarribee,18350,Wingecarribee (A),114021285,Wingecarribee,114021285,Hill Top - Colo Vale,0.125895748,274.6250046,2181.368386,0.145038898,2167.380468,0.993587549
8350,Wingecarribee,18350,Wingecarribee (A),114021286,Wingecarribee,114021286,Mittagong,0.188007939,343.3510471,1826.258236,-0.041364709,1801.81947,0.986618121
8350,Wingecarribee,18350,Wingecarribee (A),114021287,Wingecarribee,114021287,Moss Vale - Berrima,0.204763397,351.388689,1716.071789,-0.099203526,1698.805332,0.989938383
8350,Wingecarribee,18350,Wingecarribee (A),114021288,Wingecarribee,114021288,Robertson - Fitzroy Falls,0.073247676,149.6507513,2043.07849,0.072448082,2021.378315,0.989378688
8350,Wingecarribee,18350,Wingecarribee (A),114021289,Wingecarribee,114021289,Southern Highlands,0.137574428,283.7720881,2062.680487,0.082737518,2031.550152,0.984907825
7420,The Hills Shire,17420,The Hills Shire (A),115011290,The Hills,115011290,Baulkham Hills (East),0.140704535,191.8224934,1363.300006,-0.059830831,1277.187704,0.936835398
7420,The Hills Shire,17420,The Hills Shire (A),115011291,The Hills,115011291,Baulkham Hills (West) - Bella Vista,0.123072772,171.0030544,1389.44668,-0.041799366,1318.731168,0.949105271
7420,The Hills Shire,17420,The Hills Shire (A),115011294,The Hills,115011294,Glenhaven,0.038348318,57.97278972,1511.742698,0.042539331,1462.18779,0.967220012
7420,The Hills Shire,17420,The Hills Shire (A),115011296,The Hills,115011296,West Pennant Hills,0.077518429,110.0613852,1419.809285,-0.020860478,1333.48091,0.939197204
7420,The Hills Shire,17420,The Hills Shire (A),115011553,The Hills,115011553,Castle Hill - Central,0.046664377,62.79550741,1345.684041,-0.071979285,1263.705819,0.939080631
4000,Hornsby,14000,Hornsby (A),115011554,Hornsby,115011554,Castle Hill - East,0.042809477,61.87681398,1445.399905,0.094223999,1367.297311,0.945964717
7420,The Hills Shire,17420,The Hills Shire (A),115011555,The Hills,115011555,Castle Hill - North,0.072894308,101.2173868,1388.549938,-0.042417784,1321.207741,0.951501783
7420,The Hills Shire,17420,The Hills Shire (A),115011556,The Hills,115011556,Castle Hill - South,0.058378,79.52025768,1362.161391,-0.060616051,1285.752388,0.943906058
7420,The Hills Shire,17420,The Hills Shire (A),115011557,The Hills,115011557,Castle Hill - West,0.032129672,46.94250651,1461.032858,0.007568431,1383.438204,0.946890548
4000,Hornsby,14000,Hornsby (A),115011558,Hornsby,115011558,Cherrybrook,0.143626791,200.9343865,1399.003523,0.059100132,1301.242499,0.93012096
7420,The Hills Shire,17420,The Hills Shire (A),115011559,The Hills,115011559,Kellyville,0.142470777,213.1356181,1495.995338,0.031679518,1429.913049,0.95582721
7420,The Hills Shire,17420,The Hills Shire (A),115021297,The Hills,115021297,Dural - Kenthurst - Wisemans Ferry,0.128905052,201.9868843,1566.943119,0.080607059,1531.95569,0.977671539
4000,Hornsby,14000,Hornsby (A),115021298,Hornsby,115021298,Galston - Laughtondale,0.039870822,62.91126705,1577.877352,0.194514585,1547.54141,0.980774208
3800,Hawkesbury,13800,Hawkesbury (C),115031299,Hawkesbury,115031299,Bilpin - Colo - St Albans,0.041857861,104.4136071,2494.480238,0.330510167,2478.936016,0.993768553
3800,Hawkesbury,13800,Hawkesbury (C),115031300,Hawkesbury,115031300,Kurrajong Heights - Ebenezer,0.340618146,699.3716398,2053.242459,0.095162,2027.961054,0.987687083
3800,Hawkesbury,13800,Hawkesbury (C),115041301,Hawkesbury,115041301,Pitt Town - McGraths Hill,0.163807183,294.2315481,1796.20663,-0.041936213,1771.680613,0.986345659
7420,The Hills Shire,17420,The Hills Shire (A),115041302,The Hills,115041302,Rouse Hill - Beaumont Hills,0.138913761,213.6003089,1537.646863,0.060403556,1476.131809,0.95999403
750,Blacktown,10750,Blacktown (C),116011303,Blacktown,116011303,Blacktown (East) - Kings Park,0.049825082,67.40553064,1352.843346,-0.101352498,1274.694489,0.942233624
750,Blacktown,10750,Blacktown (C),116011304,Blacktown,116011304,Blacktown (North) - Marayong,0.05307608,79.34953142,1495.014918,-0.006912792,1429.541086,0.956205231
750,Blacktown,10750,Blacktown (C),116011306,Blacktown,116011306,Doonside - Woodcroft,0.066333322,99.31440195,1497.202295,-0.005459792,1417.100292,0.946498877
750,Blacktown,10750,Blacktown (C),116011307,Blacktown,116011307,Lalor Park - Kings Langley,0.073247582,107.220482,1463.809168,-0.027641703,1402.516723,0.958128118
750,Blacktown,10750,Blacktown (C),116011308,Blacktown,116011308,Seven Hills - Toongabbie,0.070438296,101.006113,1433.965879,-0.047465578,1369.550179,0.955078638
750,Blacktown,10750,Blacktown (C),116011560,Blacktown,116011560,Blacktown (South),0.03629398,52.98791608,1459.964327,-0.030195699,1412.621235,0.967572432
750,Blacktown,10750,Blacktown (C),116011561,Blacktown,116011561,Blacktown (West),0.047569408,68.92735785,1448.984983,-0.037488901,1387.275184,0.957411705
750,Blacktown,10750,Blacktown (C),116021309,Blacktown,116021309,Glenwood,0.047492844,68.27290664,1437.54092,-0.045090801,1356.42886,0.943575826
750,Blacktown,10750,Blacktown (C),116021310,Blacktown,116021310,Parklea - Kellyville Ridge,0.096131194,145.5623224,1514.204873,0.005834438,1432.548031,0.946072792
750,Blacktown,10750,Blacktown (C),116021312,Blacktown,116021312,Riverstone - Marsden Park,0.050964698,79.93550436,1568.448505,0.041866624,1511.495117,0.963688073
750,Blacktown,10750,Blacktown (C),116021562,Blacktown,116021562,Acacia Gardens,0.011178251,16.72924876,1496.589114,-0.005867108,1427.37852,0.953754445
750,Blacktown,10750,Blacktown (C),116021563,Blacktown,116021563,Quakers Hill,0.06756717,104.4536242,1545.922734,0.026903527,1472.274385,0.952359618
750,Blacktown,10750,Blacktown (C),116031313,Blacktown,116031313,Bidwill - Hebersham - Emerton,0.05429815,85.42663199,1573.288077,0.045081387,1532.433725,0.974032504
750,Blacktown,10750,Blacktown (C),116031314,Blacktown,116031314,Glendenning - Dean Park,0.024600398,38.63801549,1570.625625,0.043312811,1517.110664,0.965927615
750,Blacktown,10750,Blacktown (C),116031315,Blacktown,116031315,Hassall Grove - Plumpton,0.060876709,96.00620361,1577.059687,0.047586738,1522.050071,0.965118875
750,Blacktown,10750,Blacktown (C),116031316,Blacktown,116031316,Lethbridge Park - Tregear,0.060970941,99.55143336,1632.768524,0.084592211,1579.245203,0.967219284
750,Blacktown,10750,Blacktown (C),116031317,Blacktown,116031317,Mount Druitt - Whalan,0.066848652,98.39074343,1471.843343,-0.022304876,1403.71391,0.953711492
750,Blacktown,10750,Blacktown (C),116031319,Blacktown,116031319,Rooty Hill - Minchinbury,0.062287242,96.24361728,1545.157791,0.026395401,1484.648331,0.9608393
500,Bayside,11100,Botany Bay (C),117011321,Bayside (NSW),117011321,Botany,0.23221681,297.8464786,1282.622385,0.141836341,1241.502379,0.967940677
500,Bayside,11100,Botany Bay (C),117011322,Bayside (NSW),117011322,Mascot - Eastlakes,0.523721649,542.7982385,1036.425054,-0.077337332,969.4266586,0.935356256
500,Bayside,11100,Botany Bay (C),117011323,Bayside (NSW),117011323,Pagewood - Hillsdale - Daceyville,0.244061541,282.6532013,1158.122661,0.031002232,1108.063571,0.956775658
4170,Inner West,14170,Inner West (A),117021326,Inner West,117021326,Marrickville,0.160402275,163.008491,1016.247999,0.004053156,925.6241336,0.910825049
4170,Inner West,14170,Inner West (A),117021327,Inner West,117021327,Petersham - Stanmore,0.122290114,108.9200766,890.669516,-0.120018402,797.6991006,0.895617383
4170,Inner West,14170,Inner West (A),117021328,Inner West,117021328,Sydenham - Tempe - St Peters,0.04738334,47.24997083,997.1853152,-0.014780778,902.4546278,0.905001923
7200,Sydney,17200,Sydney (C),117031329,Sydney,117031329,Darlinghurst,0.052823443,16.85805043,319.1395614,-0.371393967,284.9557195,0.892887482
7200,Sydney,17200,Sydney (C),117031330,Sydney,117031330,Erskineville - Alexandria,0.07578346,57.50051934,758.7476124,0.494497657,682.256893,0.899188191
7200,Sydney,17200,Sydney (C),117031331,Sydney,117031331,Glebe - Forest Lodge,0.091550676,55.65022403,607.8625136,0.197300772,556.039042,0.914744748
7200,Sydney,17200,Sydney (C),117031332,Sydney,117031332,Newtown - Camperdown - Darlington,0.115943653,65.45676064,564.5566527,0.112001647,494.3974539,0.875726912
7200,Sydney,17200,Sydney (C),117031333,Sydney,117031333,Potts Point - Woolloomooloo,0.09895352,40.03410479,404.5748427,-0.20311294,362.9364263,0.897081054
7200,Sydney,17200,Sydney (C),117031334,Sydney,117031334,Pyrmont - Ultimo,0.101077286,35.15141889,347.7677358,-0.315005335,317.2121373,0.912137915
7200,Sydney,17200,Sydney (C),117031335,Sydney,117031335,Redfern - Chippendale,0.104998086,45.24161093,430.8803393,-0.151299263,373.1359527,0.865985098
7200,Sydney,17200,Sydney (C),117031336,Sydney,117031336,Surry Hills,0.076623631,25.24854677,329.5138384,-0.350959856,286.3336684,0.868957947
7200,Sydney,17200,Sydney (C),117031337,Sydney,117031337,Sydney - Haymarket - The Rocks,0.127930098,34.77653033,271.8400976,-0.464559252,230.0151964,0.846141531
7200,Sydney,17200,Sydney (C),117031338,Sydney,117031338,Waterloo - Beaconsfield,0.154316147,131.7763135,853.9372973,0.681991836,783.3395905,0.917326826
8050,Waverley,18050,Waverley (A),118011339,Waverley,118011339,Bondi - Tamarama - Bronte,0.275410474,292.8158411,1063.197913,0.02670275,985.6139579,0.92702774
8050,Waverley,18050,Waverley (A),118011340,Waverley,118011340,Bondi Beach - North Bondi,0.310253992,326.4058246,1052.060031,0.015947186,974.1224769,0.9259191
8050,Waverley,18050,Waverley (A),118011341,Waverley,118011341,Bondi Junction - Waverly,0.25224133,208.6600662,827.2239374,-0.20117122,740.8578394,0.895595262
8500,Woollahra,18500,Woollahra (A),118011343,Woollahra,118011343,Double Bay - Bellevue Hill,0.417485018,398.9975398,955.7170259,0.073543457,895.1146925,0.936589668
8050,Waverley,18050,Waverley (A),118011344,Waverley,118011344,Dover Heights,0.162094203,207.6642551,1281.133139,0.237157166,1227.079786,0.957808169
8500,Woollahra,18500,Woollahra (A),118011345,Woollahra,118011345,Paddington - Moore Park,0.254670897,155.9152864,612.2226302,-0.312298954,563.3918516,0.920240161
8500,Woollahra,18500,Woollahra (A),118011346,Woollahra,118011346,Rose Bay - Vaucluse - Watsons Bay,0.198821574,222.5032689,1119.110288,0.257080803,1067.080644,0.953508028
8500,Woollahra,18500,Woollahra (A),118011347,Woollahra,118011347,Woollahra,0.129022511,112.8292135,874.4924635,-0.017694949,812.3250054,0.928910241
6550,Randwick,16550,Randwick (C),118021348,Randwick,118021348,Coogee - Clovelly,0.180974725,194.7724267,1076.241043,0.029583851,1003.519872,0.932430405
6550,Randwick,16550,Randwick (C),118021350,Randwick,118021350,Malabar - La Perouse - Chifley,0.170886211,230.4705706,1348.678569,0.290210669,1301.369912,0.964922215
6550,Randwick,16550,Randwick (C),118021564,Randwick,118021564,Kensington (NSW),0.105840532,88.63055137,837.3970699,-0.19890576,767.6216522,0.916675828
6550,Randwick,16550,Randwick (C),118021565,Randwick,118021565,Kingsford,0.110923892,95.27626303,858.9336464,-0.178302837,793.2578372,0.923537971
6550,Randwick,16550,Randwick (C),118021566,Randwick,118021566,Maroubra - North,0.06975934,86.66569496,1242.352565,0.188494108,1178.537354,0.948633574
6550,Randwick,16550,Randwick (C),118021567,Randwick,118021567,Maroubra - South,0.075937578,94.62356101,1246.070305,0.192050678,1179.907881,0.946903137
6550,Randwick,16550,Randwick (C),118021568,Randwick,118021568,Maroubra - West,0.072482315,76.86459996,1060.460058,0.014487004,988.4130943,0.932060653
6550,Randwick,16550,Randwick (C),118021569,Randwick,118021569,Randwick - North,0.119967296,107.0276752,892.1404317,-0.146535632,820.7374162,0.919964377
6550,Randwick,16550,Randwick (C),118021570,Randwick,118021570,Randwick - South,0.093228111,70.9852102,761.4142284,-0.271594594,694.060539,0.911541331
1570,Canterbury-Bankstown,11570,Canterbury-Bankstown (A),119011354,Canterbury-Bankstown,119011354,Bass Hill - Georges Hall,0.06509936,103.27267,1586.385335,0.082960664,1556.536325,0.981184262
1570,Canterbury-Bankstown,11570,Canterbury-Bankstown (A),119011355,Canterbury-Bankstown,119011355,Chullora,0.002683403,4.084691876,1522.205899,0.039147976,1452.157239,0.953982138
1570,Canterbury-Bankstown,11570,Canterbury-Bankstown (A),119011356,Canterbury-Bankstown,119011356,Condell Park,0.033706525,52.96766086,1571.436417,0.072755646,1537.749978,0.978563282
1570,Canterbury-Bankstown,11570,Canterbury-Bankstown (A),119011357,Canterbury-Bankstown,119011357,Greenacre - Mount Lewis,0.077413199,116.4899217,1504.781139,0.027252802,1472.681188,0.978668027
1570,Canterbury-Bankstown,11570,Canterbury-Bankstown (A),119011358,Canterbury-Bankstown,119011358,Padstow,0.049121185,74.47589732,1516.166545,0.035025155,1443.08535,0.951798702
1570,Canterbury-Bankstown,11570,Canterbury-Bankstown (A),119011359,Canterbury-Bankstown,119011359,Panania - Milperra - Picnic Point,0.076888445,122.1720452,1588.951958,0.084712793,1527.586403,0.961379855
1570,Canterbury-Bankstown,11570,Canterbury-Bankstown (A),119011360,Canterbury-Bankstown,119011360,Revesby,0.048369833,72.04465003,1489.454182,0.016789713,1418.325389,0.952245061
1570,Canterbury-Bankstown,11570,Canterbury-Bankstown (A),119011361,Canterbury-Bankstown,119011361,Yagoona - Birrong,0.061736162,93.83860999,1519.99423,0.03763816,1472.009888,0.968431234
1570,Canterbury-Bankstown,11570,Canterbury-Bankstown (A),119011571,Canterbury-Bankstown,119011571,Bankstown - North,0.048411574,67.33908309,1390.970744,-0.05044092,1332.523061,0.957980653
1570,Canterbury-Bankstown,11570,Canterbury-Bankstown (A),119011572,Canterbury-Bankstown,119011572,Bankstown - South,0.047684074,66.51415661,1394.892488,-0.047763705,1344.406656,0.96380665
1570,Canterbury-Bankstown,11570,Canterbury-Bankstown (A),119021362,Canterbury-Bankstown,119021362,Belmore - Belfield,0.056748014,80.9525429,1426.526449,-0.026168488,1372.021461,0.961791814
1570,Canterbury-Bankstown,11570,Canterbury-Bankstown (A),119021363,Canterbury-Bankstown,119021363,Canterbury (South) - Campsie,0.091295338,117.469708,1286.699963,-0.121622335,1208.616664,0.939315069
1570,Canterbury-Bankstown,11570,Canterbury-Bankstown (A),119021364,Canterbury-Bankstown,119021364,Kingsgrove (North) - Earlwood,0.070600337,101.9038141,1443.38991,-0.01465649,1384.304832,0.959065061
1570,Canterbury-Bankstown,11570,Canterbury-Bankstown (A),119021366,Canterbury-Bankstown,119021366,Punchbowl,0.061876295,92.19689403,1490.019628,0.01717572,1442.8442,0.968339056
1570,Canterbury-Bankstown,11570,Canterbury-Bankstown (A),119021367,Canterbury-Bankstown,119021367,Roselands,0.04096364,61.7059156,1506.358214,0.028329407,1458.719091,0.968374639
1570,Canterbury-Bankstown,11570,Canterbury-Bankstown (A),119021573,Canterbury-Bankstown,119021573,Lakemba,0.050743154,67.87604603,1337.639478,-0.086848003,1274.73409,0.952972838
1570,Canterbury-Bankstown,11570,Canterbury-Bankstown (A),119021574,Canterbury-Bankstown,119021574,Wiley Park,0.030462589,43.6635466,1433.349825,-0.021510447,1368.402861,0.954688687
2930,Georges River,12930,Georges River (A),119031368,Georges River,119031368,Hurstville,0.152855728,167.9597158,1098.81205,-0.12780394,1009.222842,0.918467214
2930,Georges River,12930,Georges River (A),119031369,Georges River,119031369,Mortdale - Penshurst,0.154758899,200.0520323,1292.669007,0.026072489,1201.274664,0.929297955
2930,Georges River,12930,Georges River (A),119031370,Georges River,119031370,Narwee - Beverly Hills,0.089209537,118.0527261,1323.31957,0.050401763,1245.075224,0.940872675
2930,Georges River,12930,Georges River (A),119031371,Georges River,119031371,Oatley - Hurstville Grove,0.081655112,108.5717399,1329.638001,0.055417099,1248.394236,0.938897831
2930,Georges River,12930,Georges River (A),119031372,Georges River,119031372,Peakhurst - Lugarno,0.11611287,173.5039448,1494.269712,0.186095616,1437.771786,0.962190276
2930,Georges River,12930,Georges River (A),119031373,Georges River,119031373,Riverwood,0.073000214,95.13747464,1303.249257,0.034470697,1218.52665,0.934991249
2930,Georges River,12930,Georges River (A),119031374,Georges River,119031374,South Hurstville - Blakehurst,0.155814059,199.7558116,1282.014042,0.017614975,1209.048076,0.943084893
500,Bayside,16650,Rockdale (C),119041375,Bayside (NSW),119041375,Arncliffe - Bardwell Valley,0.194149177,228.3399466,1176.105663,-0.069671863,1071.397194,0.910970186
500,Bayside,16650,Rockdale (C),119041376,Bayside (NSW),119041376,Bexley,0.239755174,298.0874746,1243.299444,-0.01651995,1174.586482,0.944733376
500,Bayside,16650,Rockdale (C),119041377,Bayside (NSW),119041377,Kingsgrove (South) - Bardwell Park,0.114218713,151.2518523,1324.230053,0.047498126,1256.691907,0.948998178
2930,Georges River,12930,Georges River (A),119041378,Georges River,119041378,Kogarah,0.073246202,64.81855538,884.940838,-0.297566938,806.4280781,0.911279086
2930,Georges River,12930,Georges River (A),119041379,Georges River,119041379,Kogarah Bay - Carlton - Allawah,0.103347381,131.9703034,1276.958372,0.013601972,1198.11189,0.938254462
500,Bayside,16650,Rockdale (C),119041380,Bayside (NSW),119041380,Monterey - Brighton-le-Sands - Kyeemagh,0.12650526,172.4957975,1363.546445,0.078598347,1316.049636,0.96516671
500,Bayside,16650,Rockdale (C),119041381,Bayside (NSW),119041381,Rockdale - Banksia,0.180721801,206.1279963,1140.581795,-0.097772105,1038.647651,0.910629694
500,Bayside,16650,Rockdale (C),119041382,Bayside (NSW),119041382,Sans Souci - Ramsgate,0.144649874,207.8806288,1437.129692,0.136804482,1395.380061,0.970949295
1520,Canada Bay,11520,Canada Bay (A),120011383,Canada Bay,120011383,Concord - Mortlake - Cabarita,0.254715434,336.0348397,1319.255902,0.087097813,1267.896803,0.961069646
1520,Canada Bay,11520,Canada Bay (A),120011384,Canada Bay,120011384,Concord West - North Strathfield,0.291126784,315.6715817,1084.309651,-0.106503409,995.8670038,0.918434142
1520,Canada Bay,11520,Canada Bay (A),120011385,Canada Bay,120011385,Drummoyne - Rodd Point,0.214695752,256.8589639,1196.385869,-0.014149976,1131.988983,0.946173816
1520,Canada Bay,11520,Canada Bay (A),120011386,Canada Bay,120011386,Five Dock - Abbotsford,0.239462031,304.9922965,1273.656184,0.049522575,1216.662457,0.955251874
4170,Inner West,14170,Inner West (A),120021387,Inner West,120021387,Balmain,0.094802942,91.3081544,963.1362959,-0.048421214,882.6546778,0.916437976
4170,Inner West,14170,Inner West (A),120021388,Inner West,120021388,Leichhardt - Annandale,0.159483618,162.974704,1021.889935,0.009627389,950.0312182,0.929680571
4170,Inner West,14170,Inner West (A),120021389,Inner West,120021389,Lilyfield - Rozelle,0.084558712,85.2534979,1008.216609,-0.003881858,938.7961508,0.931145294
4170,Inner West,14170,Inner West (A),120031390,Inner West,120031390,Ashfield,0.148054805,149.6639304,1010.868445,-0.001261845,905.8072168,0.896068348
1300,Burwood,11300,Burwood (A),120031391,Burwood,120031391,Burwood - Croydon,0.588728358,599.8887777,1018.956824,-0.119483575,919.8674111,0.902754062
1570,Canterbury-Bankstown,11570,Canterbury-Bankstown (A),120031392,Canterbury-Bankstown,120031392,Canterbury (North) - Ashbury,0.031154311,41.27258683,1324.779316,-0.095627112,1237.892081,0.934413804
1300,Burwood,11300,Burwood (A),120031393,Burwood,120031393,Croydon Park - Enfield,0.411271642,557.3375892,1355.156866,0.171038704,1296.920125,0.957025831
4170,Inner West,14170,Inner West (A),120031394,Inner West,120031394,Dulwich Hill - Lewisham,0.101590122,114.6230886,1128.289703,0.114750374,1029.896927,0.912794758
4170,Inner West,14170,Inner West (A),120031395,Inner West,120031395,Haberfield - Summer Hill,0.081434071,89.14370125,1094.673276,0.081537339,1012.44728,0.924885354
7100,Strathfield,17100,Strathfield (A),120031396,Strathfield,120031396,Homebush,0.362103241,387.4338815,1069.954194,-0.03157575,960.3850849,0.897594579
7100,Strathfield,17100,Strathfield (A),120031575,Strathfield,120031575,Strathfield,0.558779513,612.1764315,1095.559907,-0.00839981,989.2082314,0.902924819
7100,Strathfield,17100,Strathfield (A),120031576,Strathfield,120031576,Strathfield South,0.079117246,105.230044,1330.051908,0.203840808,1251.342701,0.940822455
8250,Willoughby,18250,Willoughby (C),121011398,Willoughby,121011398,Chatswood (East) - Artarmon,0.335461914,244.2598763,728.1299787,-0.177647929,644.2419873,0.884789812
8250,Willoughby,18250,Willoughby (C),121011399,Willoughby,121011399,Chatswood (West) - Lane Cove North,0.243932961,230.6899599,945.7104891,0.06808812,865.6737797,0.915368699
4700,Lane Cove,14700,Lane Cove (A),121011400,Lane Cove,121011400,Lane Cove - Greenwich,1,1066.487881,1066.487881,0,1000.190022,0.937835338
8250,Willoughby,18250,Willoughby (C),121011401,Willoughby,121011401,St Leonards - Naremburn,0.122802709,87.87102292,715.5462908,-0.191859981,633.7185922,0.88564304
8250,Willoughby,18250,Willoughby (C),121011402,Willoughby,121011402,Willoughby - Castle Cove - Northbridge,0.297802416,322.6027982,1083.277975,0.22345723,1013.425693,0.935517675
4000,Hornsby,14000,Hornsby (A),121021403,Hornsby,121021403,Asquith - Mount Colah,0.13997643,201.4800558,1439.385587,0.089670926,1352.406356,0.939571974
4000,Hornsby,14000,Hornsby (A),121021404,Hornsby,121021404,Berowra - Brooklyn - Cowan,0.089529509,140.6994929,1571.543221,0.189719401,1485.07353,0.944977848
4000,Hornsby,14000,Hornsby (A),121021406,Hornsby,121021406,Normanhurst - Thornleigh - Westleigh,0.141813089,190.0245057,1339.964506,0.014405298,1253.216187,0.935260734
4000,Hornsby,14000,Hornsby (A),121021577,Hornsby,121021577,Hornsby - East,0.090287131,83.21824516,921.7066068,-0.302232215,814.5495726,0.883740625
4000,Hornsby,14000,Hornsby (A),121021578,Hornsby,121021578,Hornsby - West,0.081761969,96.74442306,1183.24478,-0.104237636,1083.30148,0.915534552
4000,Hornsby,14000,Hornsby (A),121021579,Hornsby,121021579,Waitara - Wahroonga (West),0.073481695,78.07753421,1062.544001,-0.195612825,939.9302091,0.884603563
4500,Ku-ring-gai,14500,Ku-ring-gai (A),121031407,Ku-ring-gai,121031407,Gordon - Killara,0.180174701,224.589509,1246.50968,-0.018404709,1162.090209,0.932275318
4500,Ku-ring-gai,14500,Ku-ring-gai (A),121031408,Ku-ring-gai,121031408,Lindfield - Roseville,0.195541251,231.5559172,1184.179379,-0.067488267,1107.082571,0.934894316
4500,Ku-ring-gai,14500,Ku-ring-gai (A),121031409,Ku-ring-gai,121031409,Pymble,0.138155338,183.4640417,1327.954782,0.045731278,1258.777259,0.947906718
4500,Ku-ring-gai,14500,Ku-ring-gai (A),121031410,Ku-ring-gai,121031410,St Ives,0.172808218,230.6375872,1334.644787,0.05099949,1273.514975,0.954197692
4500,Ku-ring-gai,14500,Ku-ring-gai (A),121031411,Ku-ring-gai,121031411,Turramurra,0.162763783,212.4526144,1305.281866,0.027876922,1228.139176,0.940899593
4500,Ku-ring-gai,14500,Ku-ring-gai (A),121031412,Ku-ring-gai,121031412,Wahroonga (East) - Warrawee,0.15055671,187.1818096,1243.264479,-0.020960224,1171.558665,0.94232457
5950,North Sydney,15950,North Sydney (A),121041413,North Sydney,121041413,Cremorne - Cammeray,0.290626666,290.6439156,1000.059353,0.23670761,924.7816401,0.924726755
5950,North Sydney,15950,North Sydney (A),121041414,North Sydney,121041414,Crows Nest - Waverton,0.274514582,204.0749378,743.4029054,-0.080682534,670.5016631,0.901935758
5350,Mosman,15350,Mosman (A),121041415,Mosman,121041415,Mosman,1,1004.19181,1004.19181,0,931.2063697,0.927319224
5950,North Sydney,15950,North Sydney (A),121041416,North Sydney,121041416,Neutral Bay - Kirribilli,0.271864768,213.9111062,786.8290832,-0.026980237,716.4128378,0.910506301
5950,North Sydney,15950,North Sydney (A),121041417,North Sydney,121041417,North Sydney - Lavender Bay,0.162993985,100.0165995,613.621414,-0.241174767,549.7340523,0.895884726
5990,Northern Beaches,15990,Northern Beaches (A),122011418,Northern Beaches,122011418,Balgowlah - Clontarf - Seaforth,0.079832016,93.57231836,1172.115187,-0.056656012,1105.183945,0.942897044
5990,Northern Beaches,15990,Northern Beaches (A),122011419,Northern Beaches,122011419,Manly - Fairlight,0.08582693,72.72940107,847.3960454,-0.317997093,753.558295,0.889263408
5990,Northern Beaches,15990,Northern Beaches (A),122021420,Northern Beaches,122021420,Avalon - Palm Beach,0.048932106,68.60474658,1402.039524,0.128392132,1369.605316,0.97686641
5990,Northern Beaches,15990,Northern Beaches (A),122021421,Northern Beaches,122021421,Bayview - Elanora Heights,0.042490341,61.70310374,1452.16777,0.168736444,1412.12476,0.972425355
5990,Northern Beaches,15990,Northern Beaches (A),122021422,Northern Beaches,122021422,Newport - Bilgola,0.052143103,74.26280188,1424.211403,0.146236547,1386.470903,0.973500774
5990,Northern Beaches,15990,Northern Beaches (A),122021423,Northern Beaches,122021423,Warriewood - Mona Vale,0.095436193,127.224808,1333.087626,0.072898135,1298.312086,0.973913537
5990,Northern Beaches,15990,Northern Beaches (A),122031424,Northern Beaches,122031424,Beacon Hill - Narraweena,0.054895386,72.94353756,1328.773561,0.069426081,1290.957579,0.971540687
5990,Northern Beaches,15990,Northern Beaches (A),122031425,Northern Beaches,122031425,Cromer,0.029598902,41.34591683,1396.873331,0.124234267,1360.762103,0.974148531
5990,Northern Beaches,15990,Northern Beaches (A),122031426,Northern Beaches,122031426,Dee Why - North Curl Curl,0.098659053,110.624392,1121.279687,-0.097569537,1063.139132,0.948148036
5990,Northern Beaches,15990,Northern Beaches (A),122031427,Northern Beaches,122031427,Forestville - Killarney Heights,0.050600876,64.68188029,1278.2759,0.028784456,1225.39469,0.958630832
5990,Northern Beaches,15990,Northern Beaches (A),122031428,Northern Beaches,122031428,Frenchs Forest - Belrose,0.099536936,134.4354609,1350.608792,0.086999553,1304.663386,0.965981707
5990,Northern Beaches,15990,Northern Beaches (A),122031429,Northern Beaches,122031429,Freshwater - Brookvale,0.082956015,94.03932638,1133.604674,-0.087650116,1073.770552,0.947217823
5990,Northern Beaches,15990,Northern Beaches (A),122031430,Northern Beaches,122031430,Manly Vale - Allambie Heights,0.06671122,76.64245673,1148.869062,-0.075365003,1090.451926,0.949152486
5990,Northern Beaches,15990,Northern Beaches (A),122031431,Northern Beaches,122031431,Narrabeen - Collaroy,0.097955165,129.8226192,1325.326941,0.066652165,1275.920784,0.962721532
5990,Northern Beaches,15990,Northern Beaches (A),122031432,Northern Beaches,122031432,Terrey Hills - Duffys Forest,0.014425758,19.87813,1377.960867,0.109013102,1346.56101,0.977212809
1450,Camden,11450,Camden (A),123011433,Camden,123011433,Camden - Ellis Lane,0.161213297,295.9666686,1835.870081,0.005251669,1800.128601,0.980531585
1450,Camden,11450,Camden (A),123011434,Camden,123011434,Elderslie - Harrington Park,0.260916067,470.4897426,1803.222576,-0.012624846,1768.507342,0.980748225
1450,Camden,11450,Camden (A),123011435,Camden,123011435,Mount Annan - Currans Hill,0.355383104,650.5864821,1830.662389,0.002400137,1787.153314,0.976233152
1500,Campbelltown,11500,Campbelltown (C) (NSW),123021436,Campbelltown (NSW),123021436,Bradbury - Wedderburn,0.119705062,209.3213122,1748.64211,0.056986844,1699.226362,0.971740502
1500,Campbelltown,11500,Campbelltown (C) (NSW),123021437,Campbelltown (NSW),123021437,Campbelltown - Woodbine,0.11485676,182.5230806,1589.136595,-0.0394281,1515.639615,0.95375037
1500,Campbelltown,11500,Campbelltown (C) (NSW),123021438,Campbelltown (NSW),123021438,Claymore - Eagle Vale - Raby,0.128814565,221.1208916,1716.582994,0.037608342,1670.817905,0.973339425
1500,Campbelltown,11500,Campbelltown (C) (NSW),123021440,Campbelltown (NSW),123021440,Ingleburn - Denham Court,0.12616315,197.2761342,1563.658915,-0.054828377,1476.852532,0.944485091
1500,Campbelltown,11500,Campbelltown (C) (NSW),123021441,Campbelltown (NSW),123021441,Leumeah - Minto Heights,0.10442155,175.9643508,1685.134446,0.018598906,1619.971353,0.961330627
1500,Campbelltown,11500,Campbelltown (C) (NSW),123021442,Campbelltown (NSW),123021442,Macquarie Fields - Glenfield,0.148706488,231.3506267,1555.753416,-0.059606947,1463.319239,0.940585587
1500,Campbelltown,11500,Campbelltown (C) (NSW),123021443,Campbelltown (NSW),123021443,Minto - St Andrews,0.125544487,204.9685728,1632.636985,-0.013133789,1559.674034,0.955309752
1500,Campbelltown,11500,Campbelltown (C) (NSW),123021444,Campbelltown (NSW),123021444,Rosemeadow - Glen Alpine,0.131787937,231.8400975,1759.190581,0.063362989,1700.594349,0.966691368
8400,Wollondilly,18400,Wollondilly (A),123031445,Wollondilly,123031445,Bargo,0.123859051,284.5538672,2297.400674,0.078782842,2281.847545,0.993230119
8400,Wollondilly,18400,Wollondilly (A),123031446,Wollondilly,123031446,Douglas Park - Appin,0.207690482,433.4300972,2086.903998,-0.020059387,2053.100219,0.983801948
8400,Wollondilly,18400,Wollondilly (A),123031447,Wollondilly,123031447,Picton - Tahmoor - Buxton,0.3622122,772.3049847,2132.189321,0.001205093,2105.899763,0.987670158
8400,Wollondilly,18400,Wollondilly (A),123031448,Wollondilly,123031448,The Oaks - Oakdale,0.194139352,405.5937843,2089.188926,-0.018986461,2073.571258,0.992524531
900,Blue Mountains,10900,Blue Mountains (C),124011449,Blue Mountains,124011449,Blackheath - Megalong Valley,0.072508183,124.2879584,1714.123196,0.014572387,1648.292111,0.961594893
900,Blue Mountains,10900,Blue Mountains (C),124011450,Blue Mountains,124011450,Blaxland - Warrimoo - Lapstone,0.246945136,414.893944,1680.105754,-0.005562197,1620.534496,0.96454315
900,Blue Mountains,10900,Blue Mountains (C),124011452,Blue Mountains,124011452,Katoomba - Leura,0.172428633,244.4560645,1417.723149,-0.160863839,1360.673718,0.959759823
900,Blue Mountains,10900,Blue Mountains (C),124011453,Blue Mountains,124011453,Lawson - Hazelbrook - Linden,0.146750825,269.4806914,1836.314661,0.086896293,1774.072211,0.966104693
900,Blue Mountains,10900,Blue Mountains (C),124011454,Blue Mountains,124011454,Springwood - Winmalee,0.282116822,493.5592647,1749.485412,0.035502929,1702.505695,0.973146551
900,Blue Mountains,10900,Blue Mountains (C),124011455,Blue Mountains,124011455,Wentworth Falls,0.079250401,142.8251807,1802.201364,0.066704974,1751.322177,0.971768312
6350,Penrith,16350,Penrith (C),124031457,Penrith,124031457,Cambridge Park,0.079867262,133.5439969,1672.074309,-0.008018935,1628.895373,0.974176425
6350,Penrith,16350,Penrith (C),124031458,Penrith,124031458,Castlereagh - Cranebrook,0.12111806,213.6202979,1763.736125,0.046360698,1716.422981,0.973174477
6350,Penrith,16350,Penrith (C),124031459,Penrith,124031459,Emu Plains - Leonay,0.072612636,124.6424089,1716.538826,0.018360251,1668.54336,0.972039394
6350,Penrith,16350,Penrith (C),124031460,Penrith,124031460,Glenmore Park - Regentville,0.108247607,195.201503,1803.287005,0.069824801,1760.103021,0.976052628
6350,Penrith,16350,Penrith (C),124031461,Penrith,124031461,Jamisontown - South Penrith,0.08826037,147.0394665,1665.973828,-0.011638129,1626.05972,0.976041575
6350,Penrith,16350,Penrith (C),124031462,Penrith,124031462,Kingswood - Werrington,0.099946394,159.6924424,1597.780931,-0.052094503,1540.46515,0.964127886
6350,Penrith,16350,Penrith (C),124031463,Penrith,124031463,Mulgoa - Luddenham - Orchard Hills,0.048709636,88.35936979,1814.001849,0.076181529,1786.223308,0.984686597
6350,Penrith,16350,Penrith (C),124031464,Penrith,124031464,Penrith,0.06787492,97.32797374,1433.931322,-0.149300535,1370.298966,0.955623847
8400,Wollondilly,18400,Wollondilly (A),124031465,Wollondilly,124031465,Warragamba - Silverdale,0.112098915,233.7401944,2085.124502,-0.020894978,2065.880434,0.990770782
3800,Hawkesbury,13800,Hawkesbury (C),124041466,Hawkesbury,124041466,Richmond - Clarendon,0.215262331,359.398922,1669.585758,-0.109473472,1640.913618,0.982826794
3800,Hawkesbury,13800,Hawkesbury (C),124041467,Hawkesbury,124041467,Windsor - Bligh Park,0.238454479,417.4141792,1750.49838,-0.066316158,1721.716644,0.983557976
6350,Penrith,16350,Penrith (C),124041468,Penrith,124041468,Yarramundi - Londonderry,0.037656669,65.04571561,1727.335883,0.024765754,1706.313217,0.987829427
6350,Penrith,16350,Penrith (C),124051469,Penrith,124051469,Erskine Park,0.032878111,56.75142071,1726.115613,0.024041811,1695.29316,0.98214346
6350,Penrith,16350,Penrith (C),124051470,Penrith,124051470,St Clair,0.101569879,175.9618832,1732.421904,0.027783105,1695.769094,0.978843023
6350,Penrith,16350,Penrith (C),124051580,Penrith,124051580,Colyton - Oxley Park,0.059195916,98.24727702,1659.696879,-0.015362015,1620.58295,0.976433089
6350,Penrith,16350,Penrith (C),124051581,Penrith,124051581,St Marys - North St Marys,0.08206254,130.1571971,1586.073221,-0.059040262,1537.108811,0.969128531
6260,Parramatta,16260,Parramatta (C),125011473,Parramatta,125011473,Homebush Bay - Silverwater,0.083316284,112.6443548,1352.008868,0.037560392,1288.237714,0.952832296
2380,Cumberland,12380,Cumberland (A),125011582,Cumberland,125011582,Auburn - Central,0.07927789,102.4103671,1291.789768,-0.072089904,1219.580928,0.944101709
2380,Cumberland,12380,Cumberland (A),125011583,Cumberland,125011583,Auburn - North,0.052274941,64.48164992,1233.50976,-0.113953223,1141.651633,0.925531091
2380,Cumberland,12380,Cumberland (A),125011584,Cumberland,125011584,Auburn - South,0.039175048,57.92815465,1478.700285,0.062170454,1432.606868,0.968828425
2380,Cumberland,12380,Cumberland (A),125011585,Cumberland,125011585,Berala,0.041072179,56.20759827,1368.507823,-0.016982285,1303.373828,0.952405098
2380,Cumberland,12380,Cumberland (A),125011586,Cumberland,125011586,Lidcombe,0.092262386,118.7193474,1286.757828,-0.075704414,1195.836307,0.929340612
2380,Cumberland,12380,Cumberland (A),125011587,Cumberland,125011587,Regents Park,0.023388709,32.589938,1393.404741,0.000901509,1332.460925,0.956262661
6260,Parramatta,16260,Parramatta (C),125021476,Parramatta,125021476,Carlingford,0.121681003,172.4176112,1416.964086,0.08740841,1342.810776,0.947667474
6260,Parramatta,16260,Parramatta (C),125021477,Parramatta,125021477,Ermington - Rydalmere,0.095280241,139.9100943,1468.406176,0.126886165,1413.292943,0.96246731
6260,Parramatta,16260,Parramatta (C),125021478,Parramatta,125021478,Oatlands - Dundas Valley,0.079113333,117.5145351,1485.394821,0.139923613,1429.995676,0.962704095
1570,Canterbury-Bankstown,11570,Canterbury-Bankstown (A),125031479,Canterbury-Bankstown,125031479,Chester Hill - Sefton,0.055042562,84.6191688,1537.340664,0.049479864,1492.843242,0.971055588
2850,Fairfield,12850,Fairfield (C),125031480,Fairfield,125031480,Fairfield - East,0.077076709,109.8326353,1424.978268,-0.049884762,1370.837435,0.962005854
2380,Cumberland,12380,Cumberland (A),125031481,Cumberland,125031481,Granville - Clyde,0.096148964,128.385477,1335.276759,-0.040852608,1262.099908,0.945197241
2380,Cumberland,12380,Cumberland (A),125031482,Cumberland,125031482,Greystanes - Pemulwuy,0.121430187,186.6087455,1536.757458,0.103873708,1494.332376,0.972393118
2380,Cumberland,12380,Cumberland (A),125031483,Cumberland,125031483,Guildford - South Granville,0.096707487,142.6290462,1474.850093,0.059404809,1429.474519,0.969233772
2380,Cumberland,12380,Cumberland (A),125031484,Cumberland,125031484,Guildford West - Merrylands West,0.095650448,142.1506399,1486.147142,0.067519632,1432.931562,0.964192253
2380,Cumberland,12380,Cumberland (A),125031485,Cumberland,125031485,Merrylands - Holroyd,0.131331268,188.2075306,1433.0748,0.02939705,1376.01351,0.960182616
6260,Parramatta,16260,Parramatta (C),125041489,Parramatta,125041489,North Parramatta,0.098878323,105.4595896,1066.559245,-0.181499726,990.5705136,0.928753389
6260,Parramatta,16260,Parramatta (C),125041490,Parramatta,125041490,North Rocks,0.035037938,50.97211058,1454.76913,0.116420805,1384.849559,0.951937686
6260,Parramatta,16260,Parramatta (C),125041491,Parramatta,125041491,Northmead,0.090654771,106.7521368,1177.567773,-0.096309418,1076.747365,0.914382501
6260,Parramatta,16260,Parramatta (C),125041492,Parramatta,125041492,Parramatta - Rosehill,0.13006022,130.1783943,1000.908612,-0.23188142,882.4641017,0.881663012
6260,Parramatta,16260,Parramatta (C),125041493,Parramatta,125041493,Toongabbie - Constitution Hill,0.097561843,139.6446216,1431.344646,0.098444358,1357.379096,0.94832443
6260,Parramatta,16260,Parramatta (C),125041494,Parramatta,125041494,Winston Hills,0.047918094,72.05595288,1503.731615,0.153995659,1441.877394,0.958866183
2380,Cumberland,12380,Cumberland (A),125041588,Cumberland,125041588,Pendle Hill - Girraween,0.059277244,82.06357612,1384.402691,-0.005564786,1295.634448,0.935879752
2380,Cumberland,12380,Cumberland (A),125041589,Cumberland,125041589,Wentworthville - Westmead,0.07200325,89.76763501,1246.716433,-0.104466691,1145.978858,0.919197684
6260,Parramatta,16260,Parramatta (C),126011495,Parramatta,126011495,Epping - North Epping,0.12049795,155.5158256,1290.609721,-0.00955862,1188.408614,0.920811764
4000,Hornsby,14000,Hornsby (A),126011496,Hornsby,126011496,Pennant Hills - Cheltenham,0.156843088,204.9693046,1306.843083,-0.010668909,1214.017276,0.928969432
6700,Ryde,16700,Ryde (C),126021497,Ryde,126021497,Eastwood - Denistone,0.20167492,246.6627916,1223.071226,0.02697653,1153.265652,0.942925995
6700,Ryde,16700,Ryde (C),126021498,Ryde,126021498,Gladesville - Huntleys Point,0.116028506,146.3329509,1261.181032,0.0589762,1201.342058,0.952553224
4100,Hunters Hill,14100,Hunters Hill (A),126021499,Hunters Hill,126021499,Hunters Hill - Woolwich,1,1262.355777,1262.355777,0,1206.734829,0.955938771
6700,Ryde,16700,Ryde (C),126021500,Ryde,126021500,Macquarie Park - Marsfield,0.17496477,165.4201305,945.4482211,-0.20613525,878.2592959,0.928934315
6700,Ryde,16700,Ryde (C),126021501,Ryde,126021501,North Ryde - East Ryde,0.099134356,122.2432316,1233.106629,0.03540296,1177.316576,0.954756506
6700,Ryde,16700,Ryde (C),126021503,Ryde,126021503,West Ryde - Meadowbank,0.156017232,188.9538524,1211.108863,0.016932089,1121.076435,0.925661161
6700,Ryde,16700,Ryde (C),126021590,Ryde,126021590,Putney,0.033361517,46.33126646,1388.76378,0.16610364,1348.024496,0.970665073
6700,Ryde,16700,Ryde (C),126021591,Ryde,126021591,Ryde,0.218818698,274.999474,1256.745774,0.055252047,1195.232319,0.951053382
4900,Liverpool,14900,Liverpool (C),127011504,Liverpool,127011504,Ashcroft - Busby - Miller,0.085730677,144.149711,1681.425087,-0.012023902,1635.469263,0.972668527
4900,Liverpool,14900,Liverpool (C),127011505,Liverpool,127011505,Austral - Greendale,0.044104192,81.40780172,1845.806442,0.084563719,1815.794776,0.983740621
1450,Camden,11450,Camden (A),127011506,Camden,127011506,Cobbitty - Leppington,0.222487532,409.2361749,1839.366778,0.007166325,1791.1487,0.973785501
4900,Liverpool,14900,Liverpool (C),127011593,Liverpool,127011593,Cecil Hills,0.034692858,61.98662996,1786.725958,0.049849056,1743.679067,0.97590739
4900,Liverpool,14900,Liverpool (C),127011594,Liverpool,127011594,Green Valley,0.0618883,109.9083723,1775.915194,0.043496839,1724.699987,0.971161232
4900,Liverpool,14900,Liverpool (C),127011595,Liverpool,127011595,Hinchinbrook,0.06080523,109.3503551,1798.370882,0.05669141,1744.71239,0.970162722
4900,Liverpool,14900,Liverpool (C),127011596,Liverpool,127011596,Hoxton Park - Carnes Hill - Horningsea Park,0.057308744,104.9034626,1830.496627,0.075567939,1773.268176,0.968736107
4900,Liverpool,14900,Liverpool (C),127011597,Liverpool,127011597,West Hoxton - Middleton Grange,0.075107689,144.8171986,1928.127474,0.132934124,1876.619497,0.973286011
2850,Fairfield,12850,Fairfield (C),127021509,Fairfield,127021509,Bonnyrigg Heights - Bonnyrigg,0.079391892,127.3662876,1604.273237,0.069661539,1550.721776,0.966619488
2850,Fairfield,12850,Fairfield (C),127021510,Fairfield,127021510,Bossley Park - Abbotsbury,0.093571145,147.8653453,1580.24512,0.053640607,1541.550254,0.975513377
2850,Fairfield,12850,Fairfield (C),127021511,Fairfield,127021511,Cabramatta - Lansvale,0.122754372,167.1160837,1361.386002,-0.092285396,1305.432743,0.958899784
2850,Fairfield,12850,Fairfield (C),127021512,Fairfield,127021512,Cabramatta West - Mount Pritchard,0.085393482,133.3103137,1561.12985,0.040895353,1517.67528,0.972164667
2850,Fairfield,12850,Fairfield (C),127021513,Fairfield,127021513,Canley Vale - Canley Heights,0.103433029,152.82413,1477.51769,-0.014853699,1415.745129,0.958191661
2850,Fairfield,12850,Fairfield (C),127021514,Fairfield,127021514,Edensor Park,0.048549285,78.42007152,1615.26728,0.076991902,1564.825639,0.968771954
2850,Fairfield,12850,Fairfield (C),127021515,Fairfield,127021515,Fairfield,0.087957075,121.6758907,1383.355355,-0.07763716,1317.38711,0.952312871
2850,Fairfield,12850,Fairfield (C),127021516,Fairfield,127021516,Fairfield - West,0.094833068,143.4863896,1513.041733,0.008832231,1463.562892,0.967298429
2850,Fairfield,12850,Fairfield (C),127021517,Fairfield,127021517,Greenfield Park - Prairiewood,0.041414944,64.44133651,1555.992361,0.037469893,1503.272416,0.966118121
2850,Fairfield,12850,Fairfield (C),127021518,Fairfield,127021518,Horsley Park - Kemps Creek,0.021989269,35.38244284,1609.07772,0.072864966,1587.020577,0.986292058
2850,Fairfield,12850,Fairfield (C),127021519,Fairfield,127021519,Smithfield - Wetherill Park,0.089651232,133.5669187,1489.850342,-0.006630807,1449.698073,0.973049461
2850,Fairfield,12850,Fairfield (C),127021520,Fairfield,127021520,St Johns Park - Wakeley,0.053984499,84.50734969,1565.400277,0.043742694,1507.198053,0.96281959
4900,Liverpool,14900,Liverpool (C),127031522,Liverpool,127031522,Casula,0.077451868,132.6279367,1712.391711,0.006171546,1652.880615,0.965246798
4900,Liverpool,14900,Liverpool (C),127031523,Liverpool,127031523,Chipping Norton - Moorebank,0.092718703,153.7479149,1658.218999,-0.025659396,1600.427368,0.965148373
4900,Liverpool,14900,Liverpool (C),127031524,Liverpool,127031524,Holsworthy - Wattle Grove,0.102402042,176.9858732,1728.343202,0.015544365,1644.463427,0.951468103
4900,Liverpool,14900,Liverpool (C),127031598,Liverpool,127031598,Liverpool,0.134379806,188.93726,1405.994439,-0.173862154,1337.387498,0.951203974
4900,Liverpool,14900,Liverpool (C),127031599,Liverpool,127031599,Lurnea - Cartwright,0.057793406,98.16682783,1698.581804,-0.001942914,1653.775842,0.973621546
4900,Liverpool,14900,Liverpool (C),127031600,Liverpool,127031600,Prestons - Edmondson Park,0.08694233,161.8285107,1861.331652,0.093686062,1797.301017,0.965599556
4900,Liverpool,14900,Liverpool (C),127031601,Liverpool,127031601,Warwick Farm,0.028674154,33.07057247,1153.323389,-0.322327263,1070.29648,0.92801073
7150,Sutherland Shire,17150,Sutherland Shire (A),128011529,Sutherland,128011529,Gymea - Grays Point,0.080235579,115.9822845,1445.521874,-0.000246828,1394.217604,0.964508133
7150,Sutherland Shire,17150,Sutherland Shire (A),128011530,Sutherland,128011530,Miranda - Yowie Bay,0.083682969,106.0569995,1267.366595,-0.123462746,1224.285887,0.966007699
7150,Sutherland Shire,17150,Sutherland Shire (A),128011531,Sutherland,128011531,Sylvania - Taren Point,0.073170956,109.0651817,1490.552915,0.030897582,1456.177983,0.976938134
7150,Sutherland Shire,17150,Sutherland Shire (A),128011602,Sutherland,128011602,Caringbah,0.054001451,69.78637936,1292.305634,-0.106214385,1248.184216,0.965858372
7150,Sutherland Shire,17150,Sutherland Shire (A),128011603,Sutherland,128011603,Caringbah South,0.055351028,83.24030129,1503.861885,0.040102344,1465.440011,0.974451195
7150,Sutherland Shire,17150,Sutherland Shire (A),128011604,Sutherland,128011604,Cronulla - Kurnell - Bundeena,0.107814695,153.1308489,1420.315189,-0.017680299,1371.18592,0.965409601
7150,Sutherland Shire,17150,Sutherland Shire (A),128011605,Sutherland,128011605,Lilli Pilli - Port Hacking - Dolans Bay,0.014455166,21.98554452,1520.947218,0.051918918,1486.100457,0.977088777
7150,Sutherland Shire,17150,Sutherland Shire (A),128011606,Sutherland,128011606,Woolaware - Burraneer,0.035474601,51.59753787,1454.492409,0.005957382,1414.764393,0.972685993
7150,Sutherland Shire,17150,Sutherland Shire (A),128021533,Sutherland,128021533,Heathcote - Waterfall,0.029855953,45.98147545,1540.110793,0.065172848,1488.135477,0.966252223
7150,Sutherland Shire,17150,Sutherland Shire (A),128021534,Sutherland,128021534,Illawong - Alfords Point,0.047584073,74.67645898,1569.358281,0.085401022,1522.968016,0.970439978
7150,Sutherland Shire,17150,Sutherland Shire (A),128021535,Sutherland,128021535,Menai - Lucas Heights - Woronora,0.096985944,149.5281383,1541.75061,0.066306979,1493.034759,0.96840225
7150,Sutherland Shire,17150,Sutherland Shire (A),128021536,Sutherland,128021536,Oyster Bay - Como - Jannali,0.097564334,139.7848749,1432.745647,-0.009083134,1351.287961,0.943145745
7150,Sutherland Shire,17150,Sutherland Shire (A),128021538,Sutherland,128021538,Sutherland - Kirrawee,0.095819983,128.1436895,1337.337844,-0.075069166,1259.729511,0.941968042
7150,Sutherland Shire,17150,Sutherland Shire (A),128021607,Sutherland,128021607,Engadine,0.078000055,119.1547969,1527.624524,0.056537083,1475.272714,0.965729923
7150,Sutherland Shire,17150,Sutherland Shire (A),128021608,Sutherland,128021608,Loftus - Yarrawarrah,0.03326662,50.8462118,1528.445385,0.057104807,1463.824019,0.957720854
7150,Sutherland Shire,17150,Sutherland Shire (A),128021609,Sutherland,128021609,Woronora Heights,0.016736594,26.9180336,1608.334025,0.112357462,1554.202682,0.96634322
